{
  "model_type": "rule_based_real_data",
  "training_timestamp": "2025-08-07T21:29:12.919293",
  "thresholds": {
    "cpu_threshold": 12.12902475938089,
    "memory_threshold": 54.134494142168876,
    "load_threshold": 0.17707049629761634,
    "disk_threshold": 46.730557080966435
  },
  "performance": {
    "accuracy": 0.8551724137931035,
    "precision": 0.3225806451612903,
    "recall": 1.0,
    "f1_score": 0.4878048780487805,
    "confusion_matrix": {
      "true_positives": 10,
      "false_positives": 21,
      "true_negatives": 114,
      "false_negatives": 0
    }
  },
  "training_data_size": 145
}